,Unnamed: 0,titre,végétarien,sans gluten,Tout
0,0,beurre de noël,accompagnement,accompagnement,tout
1,1,pudding de noël,dessert,Autre Régime,tout
2,2,verrines de noël,Autre Régime,Autre Régime,tout
3,3,bûche de noël,dessert,Autre Régime,tout
4,4,bûche de noël au nutella®,dessert,Autre Régime,tout
5,5,boules de noël,confiserie,confiserie,tout
6,6,muffins de noël,dessert,Autre Régime,tout
7,7,fondants de noël,confiserie,confiserie,tout
8,8,chocolats de noël,confiserie,confiserie,tout
9,9,bûche de noël au nutella®,plat principal,Autre Régime,tout
10,10,rôti de noël,Autre Régime,Autre Régime,tout
11,11,punch de noël,Autre Régime,boisson,tout
12,12,salade de noël,Autre Régime,Autre Régime,tout
13,13,schabavari de noël,Autre Régime,plat principal,tout
14,14,sapin de noël au nutella®,dessert,Autre Régime,tout
15,15,compote de noël,dessert,dessert,tout
16,16,thé de noël,boisson,boisson,tout
17,17,noël en mer,Autre Régime,Autre Régime,tout
18,18,bûche d'avant noël,dessert,Autre Régime,tout
19,19,pancakes de noël au nutella®,dessert,Autre Régime,tout
20,20,génoise recette de pâtissier,dessert,Autre Régime,tout
21,21,recette de base pour biscuits,dessert,Autre Régime,tout
22,22,butterplätzchen - sablés de noël,entrée,Autre Régime,tout
23,23,sablés exotiques de noël,dessert,Autre Régime,tout
24,24,chapon de noël au lard fumé,Autre Régime,Autre Régime,tout
25,25,bottes de noël en knacki,Autre Régime,amuse-gueule,tout
26,26,délicieux gâteau de noël,dessert,Autre Régime,tout
27,27,coquille de noël (belgique),dessert,Autre Régime,tout
28,28,petits sablés de noël,confiserie,Autre Régime,tout
29,29,gâteau rond de noël au nutella®,dessert,Autre Régime,tout
30,30,bûche de noël glacée,dessert,dessert,tout
31,31,gâteau de noël périgourdin,dessert,Autre Régime,tout
32,32,pain d'épices de noël,dessert,Autre Régime,tout
33,33,sablés de noël au thermomix,dessert,Autre Régime,tout
34,34,couronne de noël à l’orange et au nutella®,dessert,Autre Régime,tout
35,35,bûche de noël facile,dessert,Autre Régime,tout
36,36,biscuits vitraux de noël,dessert,Autre Régime,tout
37,37,petits biscuits de noël,dessert,Autre Régime,tout
38,38,bûche de noël vialarainne,dessert,Autre Régime,tout
39,39,bûche de noël pomme vanille et nutella®,dessert,Autre Régime,tout
40,40,les bûchettes de noel,confiserie,Autre Régime,tout
41,41,gâteau flocon de noël,dessert,Autre Régime,tout
42,42,biscuits de noël siciliens,dessert,Autre Régime,tout
43,43,gâteau de noël allemand,dessert,Autre Régime,tout
44,44,bonhommes aux épices de noël et au nutella®,dessert,Autre Régime,tout
45,45,biscuits sablés de noël,confiserie,Autre Régime,tout
46,46,bûche de noël au chocolat,dessert,Autre Régime,tout
47,47,bûche de noël de charquemont,dessert,Autre Régime,tout
48,48,rouelle de porc de noël,Autre Régime,Autre Régime,tout
49,49,mini tatin pommes foie gras de noël par laurent mariotte,Autre Régime,Autre Régime,tout
50,50,bûche de noël excellente !,dessert,Autre Régime,tout
51,51,cidre chaud de noël,boisson,boisson,tout
52,52,etoiles glacées de noël,dessert,dessert,tout
53,53,délice de noël au chocolat,dessert,dessert,tout
54,54,salade de pâtes de lentilles corail,Autre Régime,Autre Régime,tout
55,55,truffe de noël vegan,confiserie,confiserie,tout
56,56,pâté en croûte (de noël),Autre Régime,Autre Régime,tout
57,57,kit pour cookies de noël,dessert,Autre Régime,tout
58,58,lait de poule pour noël,boisson,boisson,tout
59,59,le steak de renne et sa purée de pommes de terre de juan arbelaez,Autre Régime,Autre Régime,tout
60,60,chapon farci de noel,Autre Régime,Autre Régime,tout
61,61,bûche de noël tiramisu,dessert,Autre Régime,tout
62,62,sablés de noël (ausstecherle),confiserie,Autre Régime,tout
63,63,bûche au citron de noël,dessert,Autre Régime,tout
64,64,ricotta de brebis et chips de betterave,Autre Régime,entrée,tout
65,65,bûche de noël de mon enfance,dessert,Autre Régime,tout
66,66,serradura (recette portugaise),dessert,Autre Régime,tout
67,67,la recette du bonheur,conseil,conseil,tout
68,68,chenklish (recette libanaise),entrée,entrée,tout
69,69,rouleau de printemps au confit de canard,Autre Régime,plat principal,tout
70,70,chorba (recette serbe),Autre Régime,Autre Régime,tout
71,71,calentita recette algerienne,entrée,Autre Régime,tout
72,72,yabrack (recette tunisienne),Autre Régime,plat principal,tout
73,73,raclette (recette originale),plat principal,Autre Régime,tout
74,74,purée de butternut et filet de poulet,Autre Régime,Autre Régime,tout
75,75,cade (recette provençale),entrée,Autre Régime,tout
76,76,oeufs pochés (recette de base),accompagnement,accompagnement,tout
77,77,patina de poires (recette romaine),dessert,dessert,tout
78,78,paëlla veritable recette de valencia,Autre Régime,plat principal,tout
79,79,croquettes de pommes de terre par laurent mariotte,plat principal,Autre Régime,tout
80,80,la véritable recette de la carbonara,Autre Régime,Autre Régime,tout
81,81,pâtes gratinées (recettes de famille !!),Autre Régime,Autre Régime,tout
82,82,la recettes de semoule pour couscous,accompagnement,Autre Régime,tout
83,83,"goulash, recette familiale",Autre Régime,plat principal,tout
84,84,salade tiède de pomme de terre et mâche,plat principal,plat principal,tout
85,85,bokit (recette guadeloupéenne),plat principal,Autre Régime,tout
86,86,szagofki (recette polonaise),accompagnement,Autre Régime,tout
87,87,tiramisu (recette originale),dessert,Autre Régime,tout
88,88,chaudeau (recette créole),dessert,dessert,tout
89,89,fricassée de lambi de julien duboué,Autre Régime,plat principal,tout
90,90,"panettone, recette secrète",dessert,Autre Régime,tout
91,91,confiture de melon (recette corse),dessert,dessert,tout
92,92,bûche de noël au pain d'épices,dessert,Autre Régime,tout
93,93,bûche de noël façon elisabeth,dessert,Autre Régime,tout
94,94,viennoise de volaille,Autre Régime,Autre Régime,tout
95,95,cougnol (spécialité belge de noël),confiserie,Autre Régime,tout
96,96,gâteaux de noël alsacien ou schwowebredele,dessert,Autre Régime,tout
97,97,buche de noël pomme cannelle,dessert,Autre Régime,tout
98,98,brétalas ou bredele de noël (alsace),dessert,Autre Régime,tout
99,99,pastilla de confit de canard par laurent mariotte,Autre Régime,Autre Régime,tout
100,100,biscuits en pain d'épices de noël,dessert,Autre Régime,tout
101,101,bûche de noël aux spéculoos,dessert,Autre Régime,tout
102,102,bûche de noël à la mangue,dessert,Autre Régime,tout
103,103,cake de noël aux épices,dessert,Autre Régime,tout
104,104,ris de veau,Autre Régime,Autre Régime,tout
105,105,cougnoux (brioche de noël belge),dessert,Autre Régime,tout
106,106,bûche de noël au chocolat et praliné,Autre Régime,Autre Régime,tout
107,107,bûche de noël chocolat - poires,Autre Régime,Autre Régime,tout
108,108,simple gibier en civet de noël,plat principal,Autre Régime,tout
109,109,bouchées de poulet et bacon au chutney de mangue patak's,Autre Régime,amuse-gueule,tout
110,110,la meilleure recette de cookies,Autre Régime,Autre Régime,tout
111,111,millet de courge (recette d'halloween),dessert,Autre Régime,tout
112,112,cannoli (recette sicilienne),dessert,Autre Régime,tout
113,113,kanelbullar (recette suédoise),dessert,Autre Régime,tout
114,114,filet mignon de porc au cidre et dés de lardons,Autre Régime,plat principal,tout
115,115,pancakes : la vraie recette,dessert,Autre Régime,tout
116,116,cannelés bordelais : ma recette de famille,confiserie,Autre Régime,tout
117,117,tortillas (recette sans farine de maïs),plat principal,Autre Régime,tout
118,118,boulettes de poulet (recette minceur),Autre Régime,Autre Régime,tout
119,119,magrets de canard rôtis au miel et au vinaigre de cidre,Autre Régime,plat principal,tout
120,120,bonhomme de neige : entrée de noël,entrée,entrée,tout
121,121,nougat noir de noël de jacqueline,confiserie,Autre Régime,tout
122,122,bretzels au chocolat (sablés de noël),dessert,Autre Régime,tout
123,123,bûche de noël chocolat / marrons,dessert,Autre Régime,tout
124,124,saumon en croûte de tapenade & tian de légumes rôtis,Autre Régime,plat principal,tout
125,125,bûche de noël au carambars et chocolat,dessert,Autre Régime,tout
126,126,vanocka (gâteau de noël tchèque),dessert,Autre Régime,tout
127,127,bûche aux marrons de noël,dessert,Autre Régime,tout
128,128,bredele (gâteaux de noël alsacien),confiserie,Autre Régime,tout
129,129,ketchup de betterave,accompagnement,accompagnement,tout
130,130,jus d'orange chaud de noël,boisson,boisson,tout
131,131,petits sablés de noël décorés,confiserie,Autre Régime,tout
132,132,sapin de noël facile au saumon,Autre Régime,Autre Régime,tout
133,133,bûche de noël chocolat orange,dessert,Autre Régime,tout
134,134,gratin de coquillettes au potimarron en moins de 30 minutes,plat principal,Autre Régime,tout
135,135,paëlla de valence - recette familiale,Autre Régime,plat principal,tout
136,136,vraie recette du biscuit de savoie,Autre Régime,Autre Régime,tout
137,137,cari de crevettes (recette réunionnaise),Autre Régime,plat principal,tout
138,138,tourte de noël végétarienne de coralie,plat principal,Autre Régime,tout
139,139,crumble aux pommes et beurre de cacahuètes skippy® de@ionalbr,dessert,Autre Régime,tout
140,140,tiramisu de noël (speculoos framboises),dessert,Autre Régime,tout
141,141,pain perdu de noël au chocolat,dessert,Autre Régime,tout
142,142,tiramisù de noël à la clémentine,dessert,Autre Régime,tout
143,143,mesclun de noel au foie gras,Autre Régime,entrée,tout
144,144,curry de pois chiches au beurre de cacahuètes skippy®️,Autre Régime,plat principal,tout
145,145,muffins au potimarron et épices de noël,dessert,Autre Régime,tout
146,146,schwowebredle (petits fours de noël),dessert,Autre Régime,tout
147,147,biscuits de noël aux épices,dessert,Autre Régime,tout
148,148,bûche de noël au chocolat sans gluten,dessert,dessert,tout
149,149,tarte aux oignons et fondue de poireaux de niinii,Autre Régime,Autre Régime,tout
150,150,la pompe de noël (provence),dessert,Autre Régime,tout
151,151,bûche de noel chocolat passion,dessert,Autre Régime,tout
152,152,"alternative à la ""bûche"" de noël",Autre Régime,dessert,tout
153,153,le boeuf noël de susanne,Autre Régime,Autre Régime,tout
154,154,crêpes vegan de goodplanet,dessert,Autre Régime,tout
155,155,bûche de noël aux chataignes,dessert,dessert,tout
156,156,tartine du matin de noël (chamallows),dessert,Autre Régime,tout
157,157,bûche rose de noël d'edith,dessert,Autre Régime,tout
158,158,bûche de noël à la vanille,dessert,Autre Régime,tout
159,159,salade de lentilles au crabe,Autre Régime,entrée,tout
160,160,gâteau de noël à la cannelle,dessert,Autre Régime,tout
161,161,biscuits de noël au chocolat (brabanzerl),dessert,Autre Régime,tout
162,162,bûche de noël rapide et pas cher !,dessert,Autre Régime,tout
163,163,vin de noël aux épices,boisson,boisson,tout
164,164,"boulettes de veau dans leur pain pita, salade de tomates et concombre",Autre Régime,Autre Régime,tout
165,165,bûche de noël poire et chocolat,Autre Régime,Autre Régime,tout
166,166,sablés amandine (sablés de noël),confiserie,Autre Régime,tout
167,167,sablés de noël décorés au glaçage,confiserie,Autre Régime,tout
168,168,weihnachtsplätzchen (biscuits de noël allemands),dessert,Autre Régime,tout
169,169,mijotée de légumes et pâtes fraîches de julien duboué,accompagnement,Autre Régime,tout
170,170,bûche de noël café craquante,dessert,Autre Régime,tout
171,171,petits sablés de noël au citron,dessert,Autre Régime,tout
172,172,les sucettes de noël de géraldine,dessert,Autre Régime,tout
173,173,le fudge (recette anglaise),confiserie,confiserie,tout
174,174,salade de reblochon pané,Autre Régime,Autre Régime,tout
175,175,garantita ou karantita (recette algérienne),plat principal,Autre Régime,tout
176,176,crottes d'âne - recette boulangère,dessert,Autre Régime,tout
177,177,lentilles corail (recette indienne),accompagnement,accompagnement,tout
178,178,gratin dauphinois (recette originale),accompagnement,accompagnement,tout
179,179,blanquette de veau minute,Autre Régime,Autre Régime,tout
180,180,bananes meringuées (recette brésilienne),dessert,dessert,tout
181,181,père noël : entrée pour noël,Autre Régime,entrée,tout
182,182,gâteau marbré (recette de grand-mère),dessert,Autre Régime,tout
183,183,baeckehoffe (la meilleure recette de ma grand mère!!),Autre Régime,plat principal,tout
184,184,crème de haricots blancs,Autre Régime,Autre Régime,tout
185,185,pudim (recette portugaise authentique),dessert,dessert,tout
186,186,omelette provençale (vieille recette),Autre Régime,entrée,tout
187,187,falafels (recette facile et inratable),plat principal,Autre Régime,tout
188,188,poulet azar (recette tunisienne),Autre Régime,plat principal,tout
189,189,cuisses de poulet à la pâte de curry tikka masala patak's,Autre Régime,plat principal,tout
190,190,panettone (la vraie recette italienne),dessert,Autre Régime,tout
191,191,pain père noël facile,accompagnement,Autre Régime,tout
192,192,chocolat chaud du père noël,boisson,boisson,tout
193,193,la tarte au thon de corinne (recette de marseille),Autre Régime,Autre Régime,tout
194,194,travers de porc printanier,Autre Régime,Autre Régime,tout
195,195,recette de la pâte a sucre (fondant),dessert,dessert,tout
196,196,chorba algerienne (recette de ma grand-mère),Autre Régime,plat principal,tout
197,197,blancs de poulet noircis (recette cajun),Autre Régime,plat principal,tout
198,198,pasteis de nata (recette à la crème),Autre Régime,Autre Régime,tout
199,199,2 façons de cuire les aubergines de façon délicieuses et sans trop d’huile,accompagnement,accompagnement,tout
200,200,thon mashuni (recette maldivienne),Autre Régime,plat principal,tout
201,201,chapon noël  farci et accompagné de fruits,Autre Régime,Autre Régime,tout
202,202,gâteau aux 10 desserts de noël,dessert,Autre Régime,tout
203,203,sablés de noel aux amandes et noisettes,confiserie,Autre Régime,tout
204,204,carpaccio de légumes au reblochon,Autre Régime,accompagnement,tout
205,205,sablés de noël à la poudre d’amande,dessert,Autre Régime,tout
206,206,bûche de noël façon grand-mère,dessert,Autre Régime,tout
207,207,biscuits de noël aux amandes (alsace),confiserie,Autre Régime,tout
208,208,bûche de noël à la crème au beurre,dessert,Autre Régime,tout
209,209,blanquette de veau au cookeo,Autre Régime,Autre Régime,tout
210,210,forêt de noël : ravioli aux épinards,plat principal,Autre Régime,tout
211,211,salade d'oranges aux épices de noël,dessert,dessert,tout
212,212,bûche de noël crème pâtissière et chocolat,dessert,Autre Régime,tout
213,213,utilisation des variétés de pomme de terre dans les recettes,conseil,conseil,tout
214,214,velouté de butternut et châtaignes,entrée,entrée,tout
215,215,la bûche de noël de mamie popo,dessert,Autre Régime,tout
216,216,bûche de noël crème de marrons chantilly,dessert,Autre Régime,tout
217,217,bûche de noël à la mousse de framboises,Autre Régime,Autre Régime,tout
218,218,bûche de noël au chocolat et gelée de framboise,dessert,Autre Régime,tout
219,219,florentins de laurent mariotte,dessert,dessert,tout
220,220,"chocolats de pâques, de noël ou de tous les jours",confiserie,confiserie,tout
221,221,beignets au sucre ( recette marocaine ),dessert,Autre Régime,tout
222,222,pisco sour (recette péruvienne),boisson,boisson,tout
223,223,véritables flapjacks (recette anglaise),dessert,dessert,tout
224,224,"dos de cabillaud sauce crème, paprika et beurre de cacahuètes skippy®️",Autre Régime,plat principal,tout
225,225,pâtes au chorizo recette simple,Autre Régime,Autre Régime,tout
226,226,yaourts recette maison (avec yaourtière),dessert,dessert,tout
227,227,la vraie recette de la panna cotta,Autre Régime,dessert,tout
228,228,tarte aux fraise (recette de famille),dessert,Autre Régime,tout
229,229,rillette de maquereau au fromage,Autre Régime,Autre Régime,tout
230,230,bûche de noël aux marrons et au chocolat,dessert,dessert,tout
231,231,bûche de noël chocolat et fruits rouges,dessert,Autre Régime,tout
232,232,"tiramisu de noël (orange, pain d'épices)",dessert,Autre Régime,tout
233,233,shrubb (boisson de noël aux antilles),boisson,boisson,tout
234,234,nid de pâques au nutella®,dessert,Autre Régime,tout
235,235,petits milanais (biscuits de noël suisse),confiserie,Autre Régime,tout
236,236,gâteau au chocolat (recette américaine),dessert,Autre Régime,tout
237,237,cabri en ragoût - recette corse,Autre Régime,Autre Régime,tout
238,238,far breton recette authentique,dessert,Autre Régime,tout
239,239,gratin de chouchous ou christophines,accompagnement,accompagnement,tout
240,240,cabri en ragoût - recette corse,Autre Régime,Autre Régime,tout
241,241,far breton recette authentique,dessert,Autre Régime,tout
242,242,far breton recette traditionnelle,dessert,Autre Régime,tout
243,243,dal bhat (recette népalaise),plat principal,plat principal,tout
244,244,curry de légumes aux falafels,Autre Régime,Autre Régime,tout
245,245,"recette smoothie kiwi, pomme.",boisson,boisson,tout
246,246,la vraie recette de la galette-comtoise,dessert,Autre Régime,tout
247,247,la recette d'amour de juliette delacroix,Autre Régime,Autre Régime,tout
248,248,emincé de poulet au basilic (recette chinoise),Autre Régime,Autre Régime,tout
249,249,brownie chocolat au marc de café,dessert,Autre Régime,tout
250,250,jambon de noël,Autre Régime,Autre Régime,tout
251,251,tiramisù de noël,dessert,Autre Régime,tout
252,252,truffes au chocolat au muesli (pour noël),confiserie,Autre Régime,tout
253,253,bûche noël fruit chocolat,dessert,Autre Régime,tout
254,254,féroce d’avocat de julien duboué,Autre Régime,plat principal,tout
255,255,bûche de noël légère aux marrons,dessert,Autre Régime,tout
256,256,buche de noel à la praline et framboises,dessert,Autre Régime,tout
257,257,"buche traditionnelle de noël, biscuit au marron",dessert,Autre Régime,tout
258,258,bouquettes liégeoises (crêpes belges de noël),confiserie,Autre Régime,tout
259,259,blanquette de saumon romarin au cookeo,Autre Régime,plat principal,tout
260,260,le famous pain d'épices de noël,dessert,Autre Régime,tout
261,261,buche de noël vanille fruits rouges,dessert,Autre Régime,tout
262,262,tarte à l'orange et amandes de noël,dessert,Autre Régime,tout
263,263,petits coeurs ( petits fours de noël ),dessert,Autre Régime,tout
264,264,magret de l’été par laurent mariotte,Autre Régime,plat principal,tout
265,265,biscuits de noël aux noisettes (nüsskipfel),dessert,Autre Régime,tout
266,266,bûche de noël au café - chocolat noisette,dessert,Autre Régime,tout
267,267,biscuits de noël à la confiture vegan,dessert,Autre Régime,tout
268,268,confiture de noël aux fruits secs,confiserie,confiserie,tout
269,269,burger de dordogne par laurent mariotte,Autre Régime,plat principal,tout
270,270,bûche de noël à la mousse au chocolat,dessert,Autre Régime,tout
271,271,schokobredle (petits gâteaux de noël au chocolat),dessert,Autre Régime,tout
272,272,verrine de noel aux marrons glacés,dessert,Autre Régime,tout
273,273,tarte de noël aux fruits secs,dessert,Autre Régime,tout
274,274,soupe de lentilles et lardons au cookeo,Autre Régime,plat principal,tout
275,275,petits sablés ( petits fours de noel),dessert,Autre Régime,tout
276,276,couques de noël (délicieux biscuits vanillés),dessert,Autre Régime,tout
277,277,délice de noël aux deux chocolats,dessert,Autre Régime,tout
278,278,patates douces farcies végétariennes de noël,plat principal,Autre Régime,tout
279,279,fajitas de boeuf par laurent mariotte,Autre Régime,Autre Régime,tout
280,280,bûche de noël aux fruits et mascarpone,dessert,Autre Régime,tout
281,281,sabayon de noël aux marrons glacés,dessert,dessert,tout
282,282,pavlova de noël mangue et fruit de la passion,dessert,dessert,tout
283,283,bottereaux façon mamie noelle,confiserie,Autre Régime,tout
284,284,tartinade de petits pois et ricotta,Autre Régime,Autre Régime,tout
285,285,bûche de noël noix de coco-chocolat,dessert,Autre Régime,tout
286,286,dessert de potiron (kabak tatlisi : recette turque),dessert,dessert,tout
287,287,les nems de ma grand mère (recette originale),Autre Régime,entrée,tout
288,288,lasagne al forno (recette italienne),Autre Régime,Autre Régime,tout
289,289,crispies de sarrasin à la chicorée,amuse-gueule,amuse-gueule,tout
290,290,pâtes au chou-fleur (recette calabraise),plat principal,Autre Régime,tout
291,291,"penne à la carbonara, recette savoyarde",Autre Régime,Autre Régime,tout
292,292,linzer torte (la recette alsacienne),dessert,Autre Régime,tout
293,293,boeuf aux oignons (recette grecque),Autre Régime,plat principal,tout
294,294,effiloché de porc par laurent mariotte,Autre Régime,plat principal,tout
295,295,boulettes de boeuf au riz gluant (recette de chine),Autre Régime,Autre Régime,tout
296,296,gâteau marbré recette de grand-mère au cookeo,dessert,Autre Régime,tout
297,297,salade de crevettes aux pêches (recette légère),Autre Régime,entrée,tout
298,298,boules à la noix de coco (recette algérienne),confiserie,Autre Régime,tout
299,299,courgettes farcies au reblochon de savoie,plat principal,plat principal,tout
300,300,cookies de noël aux raisins et à la cannelle,dessert,Autre Régime,tout
301,301,pâte à tartiner de noël pain d'épices,dessert,dessert,tout
302,302,petits gâteaux de noël alsacien au beurre (butterbredle),dessert,Autre Régime,tout
303,303,la tartignole (recette typique du nord),dessert,Autre Régime,tout
304,304,macarons au fruit de la passion et au nutella®,Autre Régime,dessert,tout
305,305,pain d'épices (recette du moyen-age),dessert,Autre Régime,tout
306,306,spaghettis carbonara : la recette italienne sans crème !,Autre Régime,Autre Régime,tout
307,307,tourte aux herbes (recette corse),entrée,Autre Régime,tout
308,308,porc au caramel recette chinoise facile,Autre Régime,Autre Régime,tout
309,309,cheesecake de dordogne par laurent mariotte,dessert,dessert,tout
310,310,"gâteau pomme-cannelle, ambiance noël",dessert,Autre Régime,tout
311,311,gâteau marbré recette de grand-mère au companion,dessert,Autre Régime,tout
312,312,"beignets de prunes (szilvas gomboc, recette hongroise)",dessert,Autre Régime,tout
313,313,choux farcis (recette polonaise que je tiens de ma mamie),Autre Régime,Autre Régime,tout
314,314,cookie vegan de ela ryth,Autre Régime,Autre Régime,tout
315,315,"gâteau pomme-cannelle, ambiance noël",dessert,Autre Régime,tout
316,316,riz de noël,dessert,dessert,tout
317,317,tajine de noël,Autre Régime,Autre Régime,tout
318,318,recette baba chantilly par jeffrey cagnes,dessert,Autre Régime,tout
319,319,salade de pâtes au reblochon et au pesto,plat principal,Autre Régime,tout
320,320,"poulpe ""a lagareiro"" (recette portugaise)",Autre Régime,plat principal,tout
321,321,spaghetti au thon (véritable recette italienne),Autre Régime,Autre Régime,tout
322,322,crème pâtissière recette d'un pâtissier,dessert,Autre Régime,tout
323,323,scampis à l'italienne (recette maison),Autre Régime,entrée,tout
324,324,kadaif de langoustines et bisque maison,Autre Régime,entrée,tout
325,325,véritable carrot cake (recette usa),dessert,Autre Régime,tout
326,326,nems au crabe - recette vietnamienne + sauce,Autre Régime,entrée,tout
327,327,pompe de noël,dessert,Autre Régime,tout
328,328,petits gâteaux de noël de mémé ou bredele de mémé,dessert,Autre Régime,tout
329,329,risotto à la saucisse de veau,Autre Régime,plat principal,tout
330,330,blinis à la farine de châtaignes (recette corse),dessert,Autre Régime,tout
331,331,bûche de noël à la mousse au chocolat facile,dessert,Autre Régime,tout
332,332,bûche de noel chocolat framboise sans gluten et sans lactose,dessert,Autre Régime,tout
333,333,petits gâteaux de noël à la cannelle (alsace),dessert,Autre Régime,tout
334,334,pancakes & praliné noisettes de goodplanet,dessert,Autre Régime,tout
335,335,bûche de noël à la cannelle et au pain d'épices,dessert,Autre Régime,tout
336,336,papillote de poulet à la moutarde (recette de régime),Autre Régime,plat principal,tout
337,337,la recette facile du welsh parfait,Autre Régime,Autre Régime,tout
338,338,tarte aux blettes (recette ancienne),plat principal,Autre Régime,tout
339,339,poutine aux boulettes de légumes,Autre Régime,plat principal,tout
340,340,gâteau marbré recette de grand-mère au thermomix,dessert,Autre Régime,tout
341,341,pommes de terre à la riojana (recette espagnole),Autre Régime,plat principal,tout
342,342,nouilles chinoises sautées au wok (recette de pekin),Autre Régime,Autre Régime,tout
343,343,bouillon de poulet avec kneidler (recette juive polonaise),Autre Régime,Autre Régime,tout
344,344,curry d’automne au lait de coco,Autre Régime,plat principal,tout
345,345,bûche de noël à la mousse de framboise et de mangue,Autre Régime,dessert,tout
346,346,recette d'amoureux,Autre Régime,plat principal,tout
347,347,vin chaud sans alcool (spécial marché de noël !),boisson,boisson,tout
348,348,chocolats de noël pâte à tartiner et noisette,Autre Régime,Autre Régime,tout
349,349,wok de gambas par laurent mariotte,Autre Régime,Autre Régime,tout
350,350,pompette de noël ultra simple  (biscuit de provence ),dessert,Autre Régime,tout
351,351,tomates farcies au thon (recette légère),Autre Régime,entrée,tout
352,352,rata aux poireaux (recette belge),accompagnement,Autre Régime,tout
353,353,pâtes au chou-fleur (recette italienne),plat principal,Autre Régime,tout
354,354,"cocottes légères de patate douce, fromage à raclette richesmonts et graines de courges",Autre Régime,plat principal,tout
355,355,chausson au chèvre et poulet (recette minceur),Autre Régime,Autre Régime,tout
356,356,paté a la citrouille (recette berrichonne),plat principal,Autre Régime,tout
357,357,flan d'ananas ou pudim (recette portugaise),dessert,Autre Régime,tout
358,358,bûche de noël mousse framboise et ganache chocolat,Autre Régime,Autre Régime,tout
359,359,muffins carotte et graines de courge,dessert,Autre Régime,tout
360,360,bûche de noêl à la mûre et à la vanille,Autre Régime,Autre Régime,tout
361,361,"rochers croquants de noël  (noisette, coco, cannelle)",dessert,dessert,tout
362,362,gâteau pommes cannelle et ses sablés village de noël,dessert,Autre Régime,tout
363,363,recette vietnamienne,Autre Régime,plat principal,tout
364,364,fish paprika de julien duboué,Autre Régime,plat principal,tout
365,365,gâteau marbré recette de grand-mère au cooking chef,dessert,Autre Régime,tout
366,366,gâteau marbré recette de grand-mère au monsieur cuisine,dessert,Autre Régime,tout
367,367,mugcake aux pépites de chocolat (recette au micro-ondes),dessert,Autre Régime,tout
368,368,pâtes à l'espadon (recette de zia mela de sicile),Autre Régime,Autre Régime,tout
369,369,galette chocolat barres de caramel,Autre Régime,Autre Régime,tout
370,370,ma recette de base pour sorbetière,dessert,dessert,tout
371,371,quenelles à la semoule (vraie recette alsacienne),accompagnement,Autre Régime,tout
372,372,tartines grillées de fromage fort maison (recette bourguignonne),amuse-gueule,Autre Régime,tout
373,373,dinde de noël façon tajine avec ses potatoes de butternut au four,plat principal,plat principal,tout
374,374,rösti de pommes de terre au sel des alpes aux herbes bio - fort,Autre Régime,Autre Régime,tout
375,375,buche de noël praliné-chocolat de mon arrière-grand-mère,dessert,Autre Régime,tout
376,376,petits gâteaux à la pâte d'amande pour noël,confiserie,Autre Régime,tout
377,377,bottereaux (recette mamie jeanne pour mardi gras),dessert,Autre Régime,tout
378,378,poivrons farcis à l'oeuf (recette espagnole),plat principal,plat principal,tout
379,379,gaspacho de tomates lacto-fermentées,entrée,entrée,tout
380,380,moule frites bière véritable recette ch'ti,Autre Régime,Autre Régime,tout
381,381,hoggeï  (pain aux fruits des noëls alsaciens),dessert,Autre Régime,tout
382,382,rôti de porc aux oignons (recette micro-ondes),Autre Régime,plat principal,tout
383,383,fondue vigneronne de noël,Autre Régime,plat principal,tout
384,384,minestrone de nectarines par laurent mariotte,dessert,dessert,tout
385,385,bûche de noël pistachée,dessert,Autre Régime,tout
386,386,buche glacée poire chocolat aux epices de noel,dessert,Autre Régime,tout
387,387,baeckeoffe de canard aux épices de noël et fruits secs,Autre Régime,plat principal,tout
388,388,cupcakes anglais de tata geraldine (recette simple et rapide),dessert,Autre Régime,tout
389,389,cookie vegan de ela ryth,dessert,dessert,tout
390,390,flon saviésan aux quetsches (recette traditionnelle de mon village),dessert,Autre Régime,tout
391,391,tajine d'agneau nappé de potiron confit (recette marocaine),plat principal,plat principal,tout
392,392,recette simple et délicieuse de petits sablés à la vanille,dessert,Autre Régime,tout
393,393,pâtes au anchois et fenouil sauvage (recette sicilienne),Autre Régime,Autre Régime,tout
394,394,coupelles de nougat moelleux au nutella®,dessert,dessert,tout
395,395,la véritable recette des ponchki (beignets polonais),dessert,Autre Régime,tout
396,396,"dinde ""mole poblano"" aux figues de jacqueline (noël)",Autre Régime,Autre Régime,tout
397,397,petits financiers de noël au chocolat et beurre demi-sel,dessert,Autre Régime,tout
398,398,gingerbread christmas cookies (biscuits en pain d'épices de noël),confiserie,Autre Régime,tout
399,399,gratin dauphinois de patate douce,accompagnement,accompagnement,tout
400,401,le train de noël,dessert,Autre Régime,tout
401,402,halwat tabaâ (gâteaux secs algérois) recette de ma belle-maman,dessert,Autre Régime,tout
402,403,la vraie recette du riz au micro onde,accompagnement,accompagnement,tout
403,404,boulettes de boeuf en brochette par laurent mariotte,Autre Régime,Autre Régime,tout
404,405,la pompe aux grattons (recette du berry),Autre Régime,Autre Régime,tout
405,406,croquets (recette de bénichon),confiserie,Autre Régime,tout
406,407,cannellonis (recette de famille),Autre Régime,Autre Régime,tout
407,408,crostini de foies et coeurs de poulet ou lapin (recette originale de florence),Autre Régime,entrée,tout
408,409,soupe de nouilles façon bœuf bourguignon,Autre Régime,Autre Régime,tout
409,410,verrines de fromage de noël,Autre Régime,Autre Régime,tout
410,411,financiers aux restes de chocolat de noël ou pâques par stéphanie bienvenu,dessert,Autre Régime,tout
411,412,recette de fruits de nico,entrée,entrée,tout
412,413,bûche de noël addy,dessert,Autre Régime,tout
413,414,bavette sauce au poivre de laurent mariotte,Autre Régime,plat principal,tout
414,415,fruits chauds de noël,dessert,dessert,tout
415,416,gâteaux de noël (finlande),dessert,Autre Régime,tout
416,417,etoiles de noël au munster,amuse-gueule,Autre Régime,tout
417,418,rennes de noël en chamallow,Autre Régime,confiserie,tout
418,419,houmous de potimarron à l’indienne patak's,Autre Régime,Autre Régime,tout
419,420,poulet rôti à la marocaine (recette facile mais bonne),Autre Régime,plat principal,tout
420,421,chou blanc à la viande hachée (recette allemande),Autre Régime,plat principal,tout
421,422,flan de tapioca aux bananes et aux épices (recette malgache),dessert,dessert,tout
422,423,etoiles de noël au fromage,entrée,Autre Régime,tout
423,424,truffes à la noix de coco et au nutella®,confiserie,confiserie,tout
424,425,gâteau russe de noël,dessert,Autre Régime,tout
425,426,hilda : petits gâteaux de noël alsaciens fourrés framboise (hildabredle),dessert,Autre Régime,tout
426,427,knedliky (recette tchèque),accompagnement,Autre Régime,tout
427,428,champ (recette irlandaise),accompagnement,accompagnement,tout
428,429,melon au granité de monbazillac par laurent mariotte,dessert,dessert,tout
429,430,rosolli (recette laponne),Autre Régime,entrée,tout
430,431,"beignets aux fleurs d'acacias (placki, recette polonaise)",dessert,Autre Régime,tout
431,432,poivrons farcis aux œufs (recette micro-ondes),plat principal,plat principal,tout
432,433,sufllaqe (recette albanaise),Autre Régime,Autre Régime,tout
433,434,carpaccio d'aiguillettes de canard par laurent mariotte,Autre Régime,plat principal,tout
434,435,pho (recette rapide),Autre Régime,Autre Régime,tout
435,436,biscuits allemands pour noël,confiserie,Autre Régime,tout
436,437,asperges à la flamande (recette belge bien connue),entrée,entrée,tout
437,438,"chich taouk (poulet mariné grillé, recette libanaise)",Autre Régime,plat principal,tout
438,439,donuts au beurre de cacahuètes skippy®️,Autre Régime,Autre Régime,tout
439,440,la pizza margherita (recette réalisable à la maison),plat principal,Autre Régime,tout
440,441,crumble façon noël,entrée,Autre Régime,tout
441,442,boules de noix de noel,confiserie,confiserie,tout
442,443,carne de porco alentejana (emincé de porc aux vongoles) recette portugaise,Autre Régime,plat principal,tout
443,444,curry de poulet tikka masala patak's,Autre Régime,plat principal,tout
444,445,"chichis ""recette légère""",confiserie,Autre Régime,tout
445,446,bollitos (recette vénézuelienne),entrée,entrée,tout
446,447,patranque (recette auvergnate),plat principal,Autre Régime,tout
447,448,terrine de lapin (recette familiale),Autre Régime,entrée,tout
448,449,houmous au beurre de cacahuètes skippy®️,Autre Régime,Autre Régime,tout
449,450,pita (recette yougoslave),plat principal,Autre Régime,tout
450,451,croquets (recette pour enfant),confiserie,Autre Régime,tout
451,452,rafourrée (recette belge),plat principal,plat principal,tout
452,453,recette du pain surprise,Autre Régime,Autre Régime,tout
453,454,paupiettes de veau aux poires au cookeo,Autre Régime,plat principal,tout
454,455,purée de piment (recette camerounaise),Autre Régime,Autre Régime,tout
455,456,vindaye de poulet (recette créole),Autre Régime,plat principal,tout
456,457,petits gâteaux de noël très rapides,confiserie,Autre Régime,tout
457,458,brioches de noël au citron confit,dessert,Autre Régime,tout
458,459,cake aux carottes et fanes de carottes,Autre Régime,Autre Régime,tout
459,460,bredeles de noël à la vanille,dessert,Autre Régime,tout
460,461,roses de noël : légumes et jambon,Autre Régime,entrée,tout
461,462,truffon chocolat - châtaignes de noël,dessert,dessert,tout
462,463,cake de noël aux marrons,dessert,Autre Régime,tout
463,464,la tourtière canadienne de juan arbelaez,Autre Régime,Autre Régime,tout
464,465,cake de noël aux marrons,dessert,Autre Régime,tout
465,466,beignets de semoule : la recette traditionnelle,dessert,Autre Régime,tout
466,467,saucisses de lucanie (recette italienne),Autre Régime,plat principal,tout
467,468,limonade ( recette simplifiée ),boisson,boisson,tout
468,469,biscuits fourrés à la crème de noisette,dessert,Autre Régime,tout
469,470,chtetra (recette algérienne),plat principal,plat principal,tout
470,471,haricots plats (coco) à l'huile d'olive (recette libanaise),accompagnement,accompagnement,tout
471,472,risotto aux champignons (recette italienne du risotto alla fungaiola),plat principal,plat principal,tout
472,473,ma recette de crêpes perso,plat principal,Autre Régime,tout
473,474,pizza veggie aux bouchées de soja,Autre Régime,Autre Régime,tout
474,475,coulom (brioche d'avant noël),dessert,Autre Régime,tout
475,476,petits nuages blancs de noël,confiserie,confiserie,tout
476,477,bombe de noël au grand-marnier,dessert,Autre Régime,tout
477,478,une crème glacée de noël,dessert,Autre Régime,tout
478,479,paupiettes de veau aux lardons et champignons,Autre Régime,Autre Régime,tout
479,480,gâteau aux carottes nappage  'cream cheese' (recette hollandaise),dessert,Autre Régime,tout
480,481,la véritable recette de la barigoule,Autre Régime,plat principal,tout
481,482,tourte de bette (recette niçoise),dessert,Autre Régime,tout
482,483,ma recette de boudin créole,Autre Régime,Autre Régime,tout
483,484,tatin de navet et poireaux grillés au cumin,plat principal,Autre Régime,tout
484,485,plateau surprise noël,amuse-gueule,amuse-gueule,tout
485,486,ma première buche de noël,dessert,Autre Régime,tout
486,487,volailles aux épices de noël,Autre Régime,Autre Régime,tout
487,488,bûche de noël façon tiramisu,Autre Régime,Autre Régime,tout
488,489,tarte fine de courgette par laurent mariotte,Autre Régime,Autre Régime,tout
489,490,biscuit anglais de noël simplissime,dessert,Autre Régime,tout
490,491,dessert de noel aussi simple que délicieux !,dessert,dessert,tout
491,492,pragerplätzchen (sablés de noël meringués),dessert,Autre Régime,tout
492,493,sapin de noël aux bonbons,dessert,Autre Régime,tout
493,494,rôti de porc savoureux à la moutarde,Autre Régime,Autre Régime,tout
494,495,poularde de noël au chutney de mangue,Autre Régime,Autre Régime,tout
495,496,la farce de noël de maman,Autre Régime,Autre Régime,tout
496,497,poulet au citron (recette médiévale),Autre Régime,Autre Régime,tout
497,498,salade blanquite recette tunisienne,Autre Régime,Autre Régime,tout
498,499,côte de veau panée au sésame et au citron,Autre Régime,Autre Régime,tout
499,500,recette 'à l'improviste' rapide,Autre Régime,plat principal,tout
500,501,gâteau au pavot (recette polonaise),dessert,Autre Régime,tout
501,502,roulades de poulet au bacon (recette anglaise),Autre Régime,plat principal,tout
502,503,biscuit de savoie plume (recette légère),accompagnement,Autre Régime,tout
503,504,"religieuse rose/framboise, éclats de pistaches",Autre Régime,Autre Régime,tout
504,505,brioche mousseline (recette sans lait de vache),dessert,Autre Régime,tout
505,506,recette belge du gâteau au chocolat,dessert,Autre Régime,tout
506,507,poulet pilafi (recette crétoise),Autre Régime,plat principal,tout
507,508,aubergines au yaourt (recette afghane),accompagnement,accompagnement,tout
508,509,onglet de bœuf sauce satay par laurent mariotte,Autre Régime,plat principal,tout
509,510,biscuit de savoie plume (recette légère),accompagnement,Autre Régime,tout
510,511,brioche mousseline (recette sans lait de vache),dessert,Autre Régime,tout
511,512,tuiles de mari et akiko (recette japonaise),confiserie,Autre Régime,tout
512,513,recette allemande de viande marinée : sauerbraten,Autre Régime,Autre Régime,tout
513,514,douceur de brocolis à la vache qui rit®,Autre Régime,Autre Régime,tout
514,515,poulet aux langoustines pour noël,Autre Régime,plat principal,tout
515,516,fromage de tête de cochon (recette lyonnaise),Autre Régime,entrée,tout
516,517,gâteau conquistador (recette anglaise),dessert,Autre Régime,tout
517,518,tagliatelles au gorgonzola (recette italienne),plat principal,Autre Régime,tout
518,519,velouté de potiron à la sauce korma patak's,Autre Régime,Autre Régime,tout
519,520,crostinis florentins (recette maison),Autre Régime,Autre Régime,tout
520,521,confiture de noel aux fruits secs,confiserie,confiserie,tout
521,522,nems feuilletés de noël (aux escargots),Autre Régime,Autre Régime,tout
522,523,gâteau léger aux épices de noël,dessert,Autre Régime,tout
523,524,smoothie bowl au beurre de cacahuètes skippy®️,dessert,Autre Régime,tout
524,525,gâteau léger aux épices de noël,dessert,Autre Régime,tout
525,526,"boulettes de viande aplaties, recette serbe.",Autre Régime,Autre Régime,tout
526,527,recette d'encornets pour femmes actives,Autre Régime,Autre Régime,tout
527,528,rougail de crevettes de madagascar (recette malgache),Autre Régime,plat principal,tout
528,529,focaccia aux herbes de provence par laurent mariotte,plat principal,Autre Régime,tout
529,530,les suppli (recette de la villa en italie),accompagnement,Autre Régime,tout
530,531,recette moelleuse de madeleines (base raisins),dessert,Autre Régime,tout
531,532,petits gâteaux de noël à la confiture,dessert,Autre Régime,tout
532,533,biscuits de noël faciles miel et cannelle,dessert,Autre Régime,tout
533,534,gaufre liégeoise au beurre de cacahuètes skippy®️,dessert,Autre Régime,tout
534,535,haricos frits (recette mexicaine),Autre Régime,accompagnement,tout
535,536,cobb salad (recette américaine),Autre Régime,entrée,tout
536,537,gâteau au fromage (recette traditionnelle),dessert,Autre Régime,tout
537,538,bûche de noël légère sans crème de marrons,dessert,dessert,tout
538,539,ballotines de volaille et risotto d'orzo aux champignons,Autre Régime,Autre Régime,tout
539,540,coeurs de noël au chocolat (non cuits),confiserie,confiserie,tout
540,541,bredeles au kirsch (gateaux de noel alsaciens),entrée,Autre Régime,tout
541,542,bûche de noël à la patate douce,dessert,dessert,tout
542,543,bûche de noël à la mousse de fruits,Autre Régime,Autre Régime,tout
543,544,le sauté de veau aux champignons,Autre Régime,Autre Régime,tout
544,545,flan à la cannelle (recette espagnole),dessert,dessert,tout
545,546,porc aux sojas (recette light),Autre Régime,Autre Régime,tout
546,547,boeuf au poireaux de ma grand-mère (recette picarde),Autre Régime,Autre Régime,tout
547,548,carbonade aux rognons (recette de marie denis),Autre Régime,Autre Régime,tout
548,549,brochettes de crêpes au nutella® et aux fruits,dessert,Autre Régime,tout
549,550,tarte à la gelée de pastèque (recette sicilienne),dessert,Autre Régime,tout
550,551,pintade de noël aux pruneaux et aux marrons,Autre Régime,Autre Régime,tout
551,552,risotto alle vongole (recette vénitienne),Autre Régime,plat principal,tout
552,553,feqqas aux amandes (recette marocaine),dessert,Autre Régime,tout
553,554,gâteau à l'ananas de laurent mariotte,dessert,Autre Régime,tout
554,555,la bignaïe (vieille recette de crêpes maraichines),Autre Régime,Autre Régime,tout
555,556,tarte aux pommes de terre (recette du champsaur),entrée,Autre Régime,tout
556,557,"roz jerbi (riz de djerba, recette tunisienne)",Autre Régime,plat principal,tout
557,558,"salade de navets à la harissa, recette tunisienne",entrée,entrée,tout
558,559,"ravioles farcies au skyr, ricotta et duxelle de champignons",plat principal,Autre Régime,tout
559,560,"klösse ou semmelknödel, boulettes de pain, recette allemande",accompagnement,Autre Régime,tout
560,561,boulets à la liégeoise - recette de ma grand-mère,Autre Régime,Autre Régime,tout
561,562,hachis parmentier relevé - recette léo,Autre Régime,plat principal,tout
562,563,bibleskäse (recette alsacienne au fromage blanc),Autre Régime,plat principal,tout
563,564,energy balls au beurre de cacahuètes skippy®️,confiserie,confiserie,tout
564,565,raviolis aux myrtilles (recette polonaise),dessert,Autre Régime,tout
565,566,soupe au cheddar et au brie (recette californienne),Autre Régime,Autre Régime,tout
566,567,gâteau aux carottes (recette norvégienne),dessert,Autre Régime,tout
567,568,la véritable recette de spéculoos à l'ancienne,dessert,Autre Régime,tout
568,569,salade de lentilles au saumon fumé et aux herbes,Autre Régime,entrée,tout
569,570,recette de gâteau vanille chocolat hello kitty,dessert,Autre Régime,tout
570,571,"la ""vraie"" recette de spaghetti à la romaine",Autre Régime,Autre Régime,tout
571,572,"cookie croquant et moelleux "" recette de ma grand-mère""",confiserie,Autre Régime,tout
572,573,restes de chocolats de noël : feuilletés aux poires,dessert,Autre Régime,tout
573,574,tartelettes chocolat caramel et noix de pécan caramélisées,Autre Régime,Autre Régime,tout
574,575,kourambiedes (biscuits grecs de noël et jour de l'an),dessert,Autre Régime,tout
575,576,lapin à la moutarde (recette allégée),Autre Régime,plat principal,tout
576,577,gateau chocolat noisette (recette italienne),dessert,dessert,tout
577,578,crostata alla ricotta (recette italienne),dessert,Autre Régime,tout
578,579,rouleau de printemps à la vache qui rit®,Autre Régime,entrée,tout
579,580,soupe de poulet (inspirée d'une recette malgache),Autre Régime,Autre Régime,tout
580,581,aspic de poisson aux câpres (recette diététique),Autre Régime,plat principal,tout
581,582,truffes choco-coco (spécial noël),confiserie,confiserie,tout
582,583,"l' or dur du père noël ( foie gras sur pain d'épice, purée d'oignons aux dattes )",Autre Régime,Autre Régime,tout
583,584,pilons de poulet aigre-doux par laurent mariotte,Autre Régime,Autre Régime,tout
584,585,biscuits de noël à la canneberge et noix de pécan,confiserie,Autre Régime,tout
585,586,pompe à l'huile et autres desserts de noël,dessert,Autre Régime,tout
586,587,"sylvabelle, gâteau au chocolat, recette familiale",dessert,Autre Régime,tout
587,588,les oeufs au nid (recette au fromage),entrée,entrée,tout
588,589,banana cake aux pépites de chocolat corsé,Autre Régime,Autre Régime,tout
589,590,pain d'olives noires (recette provençale),entrée,Autre Régime,tout
590,591,soupe aux épinards (recette libanaise),Autre Régime,Autre Régime,tout
591,592,agneau à l'abricot (recette turque),Autre Régime,Autre Régime,tout
592,593,oeufs à l'alexandrine (recette égyptienne),entrée,entrée,tout
593,594,socca et crème de roquette aux olives vertes,Autre Régime,entrée,tout
594,595,charlotte aux mandarines (recette d'olga),Autre Régime,Autre Régime,tout
595,596,boeuf à la crème (recette tchèque),Autre Régime,Autre Régime,tout
596,597,salade d'oranges à l'auvergnate (pour noël),dessert,dessert,tout
597,598,plat de macaronis à l'ail (recette de ma grand-mère),Autre Régime,Autre Régime,tout
598,599,tarte à la fondue de poireaux et fromage frais,Autre Régime,Autre Régime,tout
599,600,recette de lapin a la bière quintine et 2 raisins,Autre Régime,Autre Régime,tout
600,601,la tentation de janssons (janssons fretelse - recette suédoise),Autre Régime,Autre Régime,tout
601,602,soupe au curry et aux vermicelles de riz (recette malaisienne),Autre Régime,plat principal,tout
602,603,tripes au  beurre en cocotte (vieille recette de grand-mère),Autre Régime,Autre Régime,tout
603,604,carpaccio de betterave et chou-rave par laurent mariotte,Autre Régime,entrée,tout
604,605,porc à la moutarde à l'ancienne (recette de maman),Autre Régime,plat principal,tout
605,606,boules sablées coco au chocolat (recette tchèque),dessert,Autre Régime,tout
606,607,causa rellena (purée fourrée - recette péruvienne),Autre Régime,entrée,tout
607,608,gâteau à la carotte (the recette américaine !),dessert,Autre Régime,tout
608,609,salade de riz sauvage au thon en 20 minutes,Autre Régime,plat principal,tout
609,610,"sauce salade allégée, une recette de grand chef",sauce,Autre Régime,tout
610,611,canard laqué aux graines de sésame (recette légère),Autre Régime,Autre Régime,tout
611,612,boulettes de boeuf à l'ananas gerdilien (recette créole),Autre Régime,Autre Régime,tout
612,613,la charlotte : recette de base à toutes les variantes,dessert,Autre Régime,tout
613,614,risotto et sa poêlée de tomates en 20 minutes,plat principal,plat principal,tout
614,615,galette sèche ( recette familiale franc-comtoise!),dessert,Autre Régime,tout
615,616,pois chiche à la rouge (recette espagnole),Autre Régime,plat principal,tout
616,617,l'exquise mais trop méconnue recette du gâteau à la farine de châtaignes,dessert,Autre Régime,tout
617,618,bulots parfumés aux feuilles de citron (recette cambodgienne),Autre Régime,entrée,tout
618,619,daube de sanglier au vin d'arbois par laurent mariotte,Autre Régime,Autre Régime,tout
619,620,"gratin de poireaux, champignons, jambon et fromage (recette belge)",Autre Régime,Autre Régime,tout
620,621,recette franco-suisse à la viande des grisons,Autre Régime,entrée,tout
621,622,pot-au-feu aux pruneaux (recette bretonne),Autre Régime,Autre Régime,tout
622,623,soupe à la boulette (belgique - recette flamande),Autre Régime,Autre Régime,tout
623,624,risotto de coquillettes jambon truffe par laurent mariotte,Autre Régime,Autre Régime,tout
624,625,semoule frite (milho frito - recette madérienne),accompagnement,Autre Régime,tout
625,626,hakuka (recette 168 ans avant l'ère chrétienne),dessert,dessert,tout
626,627,tanche au vinaigre balsamique (recette d'après pêche),Autre Régime,Autre Régime,tout
627,628,le broyé du poitou sans oeuf - recette de grand-mère,dessert,Autre Régime,tout
628,629,emincés de soja façon butter chicken au cookéo,Autre Régime,plat principal,tout
629,630,apple crumble - recette de ma belle-mere welsho-australienne,dessert,Autre Régime,tout
630,631,recette de porc à la bière toute simple et pas chère,Autre Régime,Autre Régime,tout
631,632,velouté de noël et son œuf poché à l'huile de truffe,Autre Régime,Autre Régime,tout
632,633,salade liégeoise au chou-fleur (recette belge),Autre Régime,plat principal,tout
633,634,"burger de veau, brousse au pesto, roquette-épinard",Autre Régime,plat principal,tout
634,635,gnocchi aux prunes (knedle - recette croate),dessert,Autre Régime,tout
635,636,cookies de noël (à l'orange et aux 4 épices),dessert,Autre Régime,tout
636,637,berlinerbrot (petits gâteaux de noël chocolat amandes cannelle),dessert,Autre Régime,tout
637,638,"recette de lasagne de saumon fumé, aux chanterelles et aux brocolis",Autre Régime,plat principal,tout
638,639,mini croissants au beurre de cacahuètes skippy®️,dessert,Autre Régime,tout
639,640,recette du petit flan (au temps du moyen-âge),dessert,Autre Régime,tout
640,641,puits d'amour à la créole (recette réunionnaise),dessert,dessert,tout
641,642,banana bread ultra fondant (recette américaine),dessert,Autre Régime,tout
642,644,brochettes de mini saltimbocca aux légumes grillés,Autre Régime,plat principal,tout
643,645,papet aux poireaux de mamou (recette traditionnelle suisse du canton de vaud),Autre Régime,plat principal,tout
644,646,poulet thaï (tom kha kai) la vrai recette,Autre Régime,plat principal,tout
645,647,gâteau de noël aux fruits secs et fruits confits (confiserie),confiserie,Autre Régime,tout
646,648,"dinde de noël aux truffes, parfumée aux 4 épices",Autre Régime,Autre Régime,tout
647,649,grillade de veau marinée au paprika et à l’origan,Autre Régime,plat principal,tout
648,650,"pains de noël aux raisins, aux amandes et aux écorces d'agrumes",dessert,Autre Régime,tout
649,651,"recette néo-zélandaise de porc aux kiwis, sauce à la noix de coco",Autre Régime,plat principal,tout
650,652,trovi ya nadzi (banane aux coco) recettes mahoraise,Autre Régime,plat principal,tout
651,653,"mousse de mandarines aux épices de noël, spéculoos et noix aux deux chocolats",Autre Régime,Autre Régime,tout
652,654,pâtes aux champignons et noix de cajou par laurent mariotte,plat principal,Autre Régime,tout
653,655,glace indienne à la mangue et aux oeufs : recette rapide,dessert,dessert,tout
654,656,riz sauté au poulet (khao phad kai - recette thaïlandaise),Autre Régime,plat principal,tout
655,657,"goma-aé d'épinard (épinard sucré-salé au sésame, recette japonaise)",accompagnement,accompagnement,tout
656,658,gratin de pâtisson et de pomme de terre,accompagnement,Autre Régime,tout
657,659,choux de bruxelles et patate douce rôtis par laurent mariotte,Autre Régime,Autre Régime,tout
658,660,gratin de reste de rôti de porc,Autre Régime,Autre Régime,tout
659,661,vin de feuilles de pêcher ou de cerisier,boisson,boisson,tout
660,662,gratin de pommes de terre et de tomates,plat principal,plat principal,tout
661,663,gratin de poisson et de fruits de mer,Autre Régime,Autre Régime,tout
662,664,"curry de légumes (champignons, carotte, poireaux et patate douce)",Autre Régime,plat principal,tout
663,665,galettes de pommes de terre de pontivy,Autre Régime,plat principal,tout
664,666,salade de gésiers de canard et de volaille,Autre Régime,plat principal,tout
665,667,salade de pommes de terre et de haddock,Autre Régime,plat principal,tout
666,668,purée de pommes de terre et de panais,plat principal,plat principal,tout
667,669,pommes de terre au four et à la vache qui rit®,Autre Régime,accompagnement,tout
668,670,gratin de betteraves et de pommes de terre,plat principal,plat principal,tout
669,671,beignets de fleurs de courgettes et de courges,entrée,Autre Régime,tout
670,672,croquettes de purée de pommes de terre,accompagnement,Autre Régime,tout
671,673,gratin de ravioles de romans de virge,Autre Régime,Autre Régime,tout
672,674,"dés de poulet moelleux aux endives, champignons et lardons",Autre Régime,plat principal,tout
673,675,purée de pommes de terre de joël robuchon,accompagnement,accompagnement,tout
674,676,gratin de purées de carotte et pomme de terre,plat principal,plat principal,tout
675,677,filet de colin sous son lit de carottes de ma maman,Autre Régime,plat principal,tout
676,678,paella de marisco (paella de fruits de mer),Autre Régime,plat principal,tout
677,679,barres de céréales aux chocolune grillon d’or,dessert,Autre Régime,tout
678,680,gratin de fruits de mer de mamie zoizo,Autre Régime,Autre Régime,tout
679,681,papillotes de blanc de poulet et de lard fumé,Autre Régime,plat principal,tout
680,682,gâteau de pommes de terre au confit de canard,Autre Régime,plat principal,tout
681,683,mousse de thon de maman,Autre Régime,entrée,tout
682,684,sauté de nouilles aux crevettes en 25 minutes,Autre Régime,Autre Régime,tout
683,685,velouté de potiron et de topinambours,entrée,entrée,tout
684,686,confiture de clémentines de corse,confiserie,confiserie,tout
685,687,beignets de carnaval de micheline,dessert,Autre Régime,tout
686,688,magret de canard de la garigue,Autre Régime,plat principal,tout
687,689,dahl indien de lentilles vertes au concentré d’épices patak's,Autre Régime,accompagnement,tout
688,690,beignets de fleurs de sureau,dessert,Autre Régime,tout
689,691,velouté de choux de bruxelles,Autre Régime,Autre Régime,tout
690,692,compote de pommes de juliet,dessert,dessert,tout
691,693,beignets de bananes et de pommes,dessert,Autre Régime,tout
692,694,cookie cup glace vanille et pépites de chocolat,dessert,Autre Régime,tout
693,695,beignets de fleurs de courgette,accompagnement,Autre Régime,tout
694,696,gâteau de pommes de terre,Autre Régime,Autre Régime,tout
695,697,confiture de fraises de danièle,confiserie,confiserie,tout
696,698,conserve de chutney de figues,accompagnement,accompagnement,tout
697,699,salade de haricots verts aux noix par laurent mariotte,Autre Régime,accompagnement,tout
698,700,salade de tomates et de mozzarella,entrée,entrée,tout
699,701,velouté de fanes de carottes,Autre Régime,Autre Régime,tout
700,702,velouté de fanes de radis,Autre Régime,Autre Régime,tout
701,703,velouté de panais et de courgettes,entrée,entrée,tout
702,704,barre chocolat-noix de coco maison par laurent mariotte,dessert,dessert,tout
703,705,sirop de cassis de bourgogne,boisson,boisson,tout
704,706,gelée de groseille et de cassis,confiserie,confiserie,tout
705,707,galettes de pommes de terre,Autre Régime,Autre Régime,tout
706,708,pâtes de fruits de coings,confiserie,confiserie,tout
707,709,gratin express de chou-fleur à la mimolette,Autre Régime,Autre Régime,tout
708,710,confiture de potiron et de pommes,confiserie,confiserie,tout
709,711,croquettes de pommes de terre,accompagnement,Autre Régime,tout
710,712,galettes de pomme de terre,plat principal,Autre Régime,tout
711,713,pâté de pommes de terre,Autre Régime,Autre Régime,tout
712,714,"galette des rois salée, jambon, épinards, fromage de chèvre",Autre Régime,Autre Régime,tout
713,715,crépée de pomme de terre,entrée,entrée,tout
714,716,boulettes de pomme de terre,Autre Régime,accompagnement,tout
715,717,feuilleté de foies de volaille,Autre Régime,Autre Régime,tout
716,718,parmentier de confit de canard,Autre Régime,plat principal,tout
717,719,"cobbler aux poires, crème de cassis par laurent mariotte",Autre Régime,Autre Régime,tout
718,720,vin de coings de mireille,boisson,boisson,tout
719,721,blanquette de veau de ma mamie,Autre Régime,Autre Régime,tout
720,722,croustilles de cuisses de grenouilles,Autre Régime,Autre Régime,tout
721,723,confiture de bourgeons de sapin,confiserie,confiserie,tout
722,724,"tartines au beurre de cacahuètes skippy®️, fraises et pistaches",dessert,Autre Régime,tout
723,725,sauté de veau de lisbonne,Autre Régime,plat principal,tout
724,726,gratin de cardons de mémé,accompagnement,Autre Régime,tout
725,727,travers de porc de nonobabar,Autre Régime,plat principal,tout
726,728,soupe de champignons de paris,Autre Régime,Autre Régime,tout
727,729,fricassée de pintade aux morilles & pommes et terre façon salardaise,Autre Régime,Autre Régime,tout
728,730,jardinière de légumes de printemps,Autre Régime,plat principal,tout
729,731,mousse de noix de coco,Autre Régime,dessert,tout
730,732,liqueur de bourgeons de sapin,boisson,boisson,tout
731,733,gelée de pétales de roses,confiserie,confiserie,tout
732,734,"aile de raie pochée, sauce aux herbes par laurent mariotte",Autre Régime,plat principal,tout
733,735,lait de poule de mon enfance,boisson,boisson,tout
734,736,terrine de porc et de poulet,Autre Régime,Autre Régime,tout
735,737,brochette de boulettes de poulet,Autre Régime,Autre Régime,tout
736,738,gratin de pâtes de fabien,Autre Régime,Autre Régime,tout
737,739,la côte de bœuf au four facile et cuite à la perfection,Autre Régime,plat principal,tout
738,740,baguette de lendemain de raclette,Autre Régime,Autre Régime,tout
739,741,paté de foie de volaille,Autre Régime,entrée,tout
740,742,râpé de pommes de terre,Autre Régime,plat principal,tout
741,743,crème de betterave et de feta,entrée,entrée,tout
742,744,"bricks aux pommes de terre, carottes et aux petits pois",entrée,Autre Régime,tout
743,745,rillettes de sardines de mumubiquette,Autre Régime,Autre Régime,tout
744,746,brochette de boulette de boeuf,Autre Régime,plat principal,tout
745,747,infusion de queues de cerises,Autre Régime,boisson,tout
746,748,soupe de surimis et de crevettes,Autre Régime,Autre Régime,tout
747,749,enchiladas épicés de poulet sauce tikka masala epicée patak's,Autre Régime,Autre Régime,tout
748,750,papillotes de côtes de porc,Autre Régime,plat principal,tout
749,751,tajine de poisson de zohra,Autre Régime,plat principal,tout
750,752,bruschetta de brandade de morue,Autre Régime,Autre Régime,tout
751,753,daube de boeuf de sophie,Autre Régime,plat principal,tout
752,754,"quiche d’automne aux légumes, lait de coco et bouchées grillées",plat principal,Autre Régime,tout
753,755,galettes de flocons de céréales,Autre Régime,Autre Régime,tout
754,756,tian de courgettes et de tomates,accompagnement,accompagnement,tout
755,757,blanquette de veau (de marielle),Autre Régime,Autre Régime,tout
756,758,beignets de fleur de courge,accompagnement,Autre Régime,tout
757,759,"tour de pain d'épices, mousse à l'orange et nappage au nutella®",dessert,Autre Régime,tout
758,760,moules (de bouchot) de marielle,Autre Régime,plat principal,tout
759,761,pâté de tête de nadette,Autre Régime,entrée,tout
760,762,blanquette de veau de la baronne,Autre Régime,Autre Régime,tout
761,763,gratin de kiwis et de poires,dessert,dessert,tout
762,764,"parfait glacé à la pistache, sablé croquant et coulis de mangue",Autre Régime,Autre Régime,tout
763,765,gelée de baies de sureau,confiserie,confiserie,tout
764,766,compote de pommes de ma grand'mère,dessert,dessert,tout
765,767,mijotée de jarret de porc,Autre Régime,plat principal,tout
766,768,beignets de carnaval de mamina,dessert,Autre Régime,tout
767,769,curry de poulet au chou-fleur sauce butter chicken patak's,Autre Régime,Autre Régime,tout
768,770,gratin de fruits de mer,Autre Régime,plat principal,tout
769,771,velouté de cocos de paimpol,entrée,entrée,tout
770,772,gâteau de crêpes de la mer,Autre Régime,Autre Régime,tout
771,773,perles de coco de saho,dessert,Autre Régime,tout
772,774,confiture de fruits à noyaux facile et sans dénoyautage fastidieux,confiserie,confiserie,tout
773,775,écrasé de pommes de terre,accompagnement,accompagnement,tout
774,776,tartare de crabe et de saumon,Autre Régime,entrée,tout
775,777,tourte de la vallée de munster,Autre Régime,Autre Régime,tout
776,778,bouchées de mousse de saumon,Autre Régime,amuse-gueule,tout
777,779,"pavé de saumon à l’unilatérale, pour une cuisson parfaite à tous les coups",Autre Régime,plat principal,tout
778,780,crème de cassis de dijon,boisson,boisson,tout
779,781,casserole de fruits de mer,Autre Régime,Autre Régime,tout
780,782,bigalan de pommes de terre,Autre Régime,Autre Régime,tout
781,783,carbonade de joue de boeuf,Autre Régime,Autre Régime,tout
782,784,"butternut, panais et riz noix de coco à la sauce korma patak’s",Autre Régime,plat principal,tout
783,785,trapixat de légumes de saison,entrée,entrée,tout
784,786,fromage de tête de sanglier,Autre Régime,entrée,tout
785,787,fricot de vesses-de-loup,Autre Régime,Autre Régime,tout
786,788,velouté de pommes de terre,entrée,Autre Régime,tout
787,789,blanc de poulet sauce aux champignons et poireaux au four en 30 minutes,Autre Régime,plat principal,tout
788,790,beurre de sardines de gérard,Autre Régime,amuse-gueule,tout
789,791,filets de maquereaux de dieppe,Autre Régime,plat principal,tout
790,792,feuilleté de magret de canard,Autre Régime,Autre Régime,tout
791,793,ragoût de poulet ou de dinde,Autre Régime,Autre Régime,tout
792,794,galette de pois chiches aux épices et crème aux épices et herbes,Autre Régime,Autre Régime,tout
793,795,verrine de purée de banane et son tartare de pommes,dessert,dessert,tout
794,796,gratin de courgettes et de pommes de terre au curry,accompagnement,Autre Régime,tout
795,797,gratin de pomme de terre et  de saumon fumé,Autre Régime,plat principal,tout
796,798,salade de pommes de terre au confit de canard,Autre Régime,entrée,tout
797,799,"bircher muesli aux fruits d’été relevé de fleur des alpes, le sel gourmet suisse",dessert,dessert,tout
798,800,"salade de carottes croquantes, oranges, et pesto de fanes de carottes de caleigh",plat principal,plat principal,tout
799,801,purée de pommes de terre de mon grand-père,accompagnement,accompagnement,tout
800,802,fondue de poireaux et de carottes au lait de coco,accompagnement,accompagnement,tout
801,803,tartare de saumon sur lit de concombre de saby,Autre Régime,entrée,tout
802,804,"gratin de penne à la mozzarella et à la sauce tomate épicée, moelleux à souhait",plat principal,Autre Régime,tout
803,805,creme de cresson et de pommes de terre,entrée,entrée,tout
804,806,salade de pommes de terre des bords de mer,Autre Régime,entrée,tout
805,807,poêlée de panais et de pommes de terre au curry,Autre Régime,accompagnement,tout
806,808,gelée de fleurs de lilas,accompagnement,accompagnement,tout
807,809,"verrines poires rôties aux épices, noix de pécan et crème légère vanille et skyr",dessert,dessert,tout
808,810,mousse de foie de volaille,Autre Régime,entrée,tout
809,811,terrine de lotte ou de cabillaud,Autre Régime,Autre Régime,tout
810,812,nids de pomme de terre,Autre Régime,entrée,tout
811,813,pâté de foie de porc,Autre Régime,Autre Régime,tout
812,814,"salade sucrine, patate douce rôtie, riz complet, graines de courge, sauce aux herbes et st môret",Autre Régime,plat principal,tout
813,816,madeleines de pommes de terre,accompagnement,accompagnement,tout
814,817,barquettes de gelée de fraise,Autre Régime,dessert,tout
815,819,mon pain d'épices aux pruneaux par laurent mariote,dessert,Autre Régime,tout
816,820,crépinette de pieds de cochons,Autre Régime,plat principal,tout
817,821,farandole de desserts de nanou,dessert,Autre Régime,tout
818,822,ceviche de dos de cabillaud,Autre Régime,Autre Régime,tout
819,823,chips de peaux de tomates,amuse-gueule,amuse-gueule,tout
820,824,tigrés au chocolat par laurent mariotte,dessert,Autre Régime,tout
821,825,confiture de figues de barbarie,confiserie,confiserie,tout
822,826,galette de pommes de terre,accompagnement,Autre Régime,tout
823,827,mousse de foies de volaille,Autre Régime,entrée,tout
824,828,gnocchis de pomme de terre,plat principal,Autre Régime,tout
825,829,tomates caprese par laurent mariotte,entrée,entrée,tout
826,830,beignets de fleurs de courgettes,entrée,Autre Régime,tout
827,831,gelée de piments de zabelle,accompagnement,accompagnement,tout
828,832,gelée de groseilles et de framboises,confiserie,confiserie,tout
829,833,goulache de pommes de terre,Autre Régime,Autre Régime,tout
830,834,pintade à l'estragon,Autre Régime,Autre Régime,tout
831,835,conserve de pâté de porc,Autre Régime,entrée,tout
832,836,velouté de champignons de paris,entrée,entrée,tout
833,837,paillassons de pommes de terre,accompagnement,accompagnement,tout
834,838,gâteau de foie de lapin,Autre Régime,Autre Régime,tout
835,839,panacotta vegan au coulis menthe-citron,dessert,dessert,tout
836,840,daube de jarret de boeuf,Autre Régime,plat principal,tout
837,841,rouelle de jambon de porc,Autre Régime,plat principal,tout
838,842,conserve de pâté de faisan,Autre Régime,Autre Régime,tout
839,843,gâteau de foies de volaille,Autre Régime,Autre Régime,tout
840,844,cookies bi-goût,dessert,Autre Régime,tout
841,845,gratin de coeurs de palmier,Autre Régime,entrée,tout
842,846,quiche de pomme de terre,Autre Régime,Autre Régime,tout
843,847,poêlée de courgettes et de poivrons,Autre Régime,accompagnement,tout
844,848,rose de pomme de terre,Autre Régime,accompagnement,tout
845,849,gâteau au chocolat par laurent mariotte,dessert,dessert,tout
846,850,tortilla de pommes de terre,entrée,entrée,tout
847,851,cassolette de fruits de mer,Autre Régime,entrée,tout
848,852,rôti de porc de dijon,Autre Régime,plat principal,tout
849,853,confiture de citron de sissi,confiserie,confiserie,tout
850,854,"basse-côte grillée, ketchup maison par laurent mariotte",Autre Régime,plat principal,tout
851,855,colombo de poulet (ou de porc),Autre Régime,plat principal,tout
852,856,délice de manioc de nathalie,dessert,Autre Régime,tout
853,857,daube de sanglier et de boeuf,Autre Régime,Autre Régime,tout
854,858,galette de peau de lait,dessert,Autre Régime,tout
855,859,"billes d'énergies datte, noisette et flocons d'avoine",Autre Régime,confiserie,tout
856,860,buns de pain de mie,entrée,Autre Régime,tout
857,861,gratin de pâtes de margaux,Autre Régime,Autre Régime,tout
858,862,purée de fanes de radis,accompagnement,accompagnement,tout
859,863,salade de poireaux et de feta,Autre Régime,entrée,tout
860,864,cookies salés à la courge et au roquefort,amuse-gueule,Autre Régime,tout
861,865,blinis de pommes de terre,accompagnement,Autre Régime,tout
862,866,salade de magret de canard,Autre Régime,entrée,tout
863,867,poêlée de légumes de saison,Autre Régime,plat principal,tout
864,868,marmelade de mirabelle de lorraine,accompagnement,accompagnement,tout
865,869,"sablés italiens ""frollini"" fourrés au nutella®",dessert,Autre Régime,tout
866,870,salade de riz de nounou,Autre Régime,entrée,tout
867,871,confiture de pêches de vigne,confiserie,confiserie,tout
868,872,flan de julienne de légumes,Autre Régime,plat principal,tout
869,873,cassolettes de fruits de mer,Autre Régime,Autre Régime,tout
870,874,sorbet fraise-basilic par laurent mariotte,dessert,dessert,tout
871,875,soupe de poireaux et de carottes,entrée,entrée,tout
872,876,terrine de foies de volaille,Autre Régime,entrée,tout
873,877,beignets de pomme de mon papi,dessert,Autre Régime,tout
874,878,parmentier de saumon de norvege,Autre Régime,plat principal,tout
875,879,pancakes fluffy coco,Autre Régime,Autre Régime,tout
876,880,beignets de pommes de terre,accompagnement,Autre Régime,tout
877,881,terrine de foie de sanglier,Autre Régime,Autre Régime,tout
878,882,confiture de fleurs de pissenlits,confiserie,confiserie,tout
879,883,bourguignon de joue de boeuf,Autre Régime,plat principal,tout
880,884,samoussas au fromage,amuse-gueule,Autre Régime,tout
881,885,beignets de blancs de seiche,Autre Régime,Autre Régime,tout
882,886,sirop de fleurs de sureau,Autre Régime,boisson,tout
883,887,verrine de mousse de mangue,dessert,Autre Régime,tout
884,888,rillettes de confit de canard,Autre Régime,amuse-gueule,tout
885,889,pintade farcie au foie gras et légumes oubliés,Autre Régime,plat principal,tout
886,890,étouffée de pommes de terre,accompagnement,accompagnement,tout
887,891,millefeuille de pommes de terre,accompagnement,accompagnement,tout
888,892,salsa de mais,accompagnement,accompagnement,tout
889,893,cœur de filet de loup de mer (bar) au four,Autre Régime,plat principal,tout
890,894,blanquette végétarienne,plat principal,Autre Régime,tout
891,895,"soupe de courge, feuilles de blettes et lait de coco",entrée,entrée,tout
892,896,gratin de pomme de terre fondant et rôti de porc,Autre Régime,plat principal,tout
893,897,la terrine de foie de porc de ma tante gisèle,Autre Régime,Autre Régime,tout
894,898,poêlée de choux de bruxelles carottes et champignons de paris,Autre Régime,accompagnement,tout
895,899,caviar végétal,amuse-gueule,Autre Régime,tout
896,900,papillote de saumon sur lit de fenouil et de carotte au cumin,Autre Régime,plat principal,tout
897,901,"purée de pomme de terre, au lait de coco et au café",plat principal,plat principal,tout
898,902,soupe repas de pommes de terre et de persil au pesto,Autre Régime,Autre Régime,tout
899,903,gratin de choux de bruxelles aux gésiers de canard,Autre Régime,plat principal,tout
900,904,galette au comté,Autre Régime,Autre Régime,tout
901,905,dos de cabillaud à la crème de gingembre et pommes de terre au vinaigre de framboises,Autre Régime,Autre Régime,tout
902,906,"filet de bar en croûte de chorizo, purée et mousse de haricots cocos de paimpol",Autre Régime,Autre Régime,tout
903,907,pâte de coings (utilisation des restes de gelée de coing),confiserie,confiserie,tout
904,908,verrines faciles de velouté de poivrons et chips de chorizo,Autre Régime,amuse-gueule,tout
905,909,crèmes brûlées à la châtaigne,dessert,dessert,tout
906,910,papillotes de filets de poissons aux salicornes de mer,Autre Régime,plat principal,tout
907,911,conserve de pâté de porc facile,Autre Régime,entrée,tout
908,912,quiche de poulet et pommes de terre,Autre Régime,Autre Régime,tout
909,913,confiture de lait au sel de guérande,confiserie,confiserie,tout
910,914,gaspacho vert et granola salé,Autre Régime,entrée,tout
911,915,escalope de dinde panée de aude,Autre Régime,Autre Régime,tout
912,916,crème de maracuja (fruit de la passion),dessert,dessert,tout
913,917,blanc de poulet au jambon de pays,Autre Régime,plat principal,tout
914,918,gâteau au nappage de chocolat et de caramel,dessert,Autre Régime,tout
915,919,wraps maison au poulet sauce coco & cacahuète patak's,Autre Régime,Autre Régime,tout
916,920,la soupe de crabes de daniel,Autre Régime,Autre Régime,tout
917,921,délice de chèvre sur coulis de tomates,amuse-gueule,amuse-gueule,tout
918,922,pavé de veau au coulis de champignons,Autre Régime,plat principal,tout
919,923,purée de pommes de terre sans lait,Autre Régime,Autre Régime,tout
920,924,"samossas d’orties, chèvre et noisettes",entrée,Autre Régime,tout
921,925,gâteau de patate douce de ma maman,dessert,Autre Régime,tout
922,926,kolokke (beignets de pomme de terre),entrée,Autre Régime,tout
923,927,papillotes de filets de sabre au curry,Autre Régime,plat principal,tout
924,928,papillotes de pavés de saumon simple,Autre Régime,plat principal,tout
925,929,sandre au cresson par laurent mariotte,Autre Régime,Autre Régime,tout
926,930,crumble de tomates et crème de chèvre,accompagnement,Autre Régime,tout
927,931,poêlées de pommes de terre ibérique,Autre Régime,Autre Régime,tout
928,932,verrine de gaspacho de melon-concombre,amuse-gueule,Autre Régime,tout
929,933,salade de pâtes de sophie k,Autre Régime,Autre Régime,tout
930,934,panna cotta tricolore au nutella®,dessert,dessert,tout
931,935,gratin de pommes de terre au figatellu,Autre Régime,plat principal,tout
932,936,brochettes de poulet fumé de maud,Autre Régime,plat principal,tout
933,937,poêlée de poireaux et fruits de mer,Autre Régime,plat principal,tout
934,938,beignets de fleurs de courgettes faciles,entrée,Autre Régime,tout
935,939,boeuf bourguignon au cookeo,Autre Régime,plat principal,tout
936,940,brick de poires au fromage de chèvre,entrée,Autre Régime,tout
937,941,flan de courgettes et de tomates au parmesan,accompagnement,accompagnement,tout
938,942,gratin de pommes de terre et courgettes,accompagnement,Autre Régime,tout
939,943,beignets de pommes de terre et maïs,plat principal,Autre Régime,tout
940,944,cheesecake pecan caramel au lait concentré sucré,Autre Régime,Autre Régime,tout
941,945,dhaal de lentille au lait de coco,plat principal,plat principal,tout
942,946,mousse de poireaux au jambon de parme.,Autre Régime,entrée,tout
943,947,gratin de pommes de terre en béchamel,plat principal,Autre Régime,tout
944,948,poêlée de pommes de terre nouvelles,Autre Régime,plat principal,tout
945,949,chakshouka green en 25 minutes,Autre Régime,plat principal,tout
946,950,salade de gésiers au vinaigre de framboises,Autre Régime,entrée,tout
947,951,compote de pommes et de poires meringuée,dessert,dessert,tout
948,952,gratin de courgettes au crottin de chavignol,accompagnement,accompagnement,tout
949,953,tourte de pommes de terre au chorizo,Autre Régime,Autre Régime,tout
950,954,one pot pasta aux saveurs d’asie,Autre Régime,Autre Régime,tout
951,955,flan de carottes et pommes de terres,2,plat principal,tout
952,956,foie de lapin sur lit de carottes,Autre Régime,plat principal,tout
953,957,paillassons de carottes et pommes de terre,entrée,entrée,tout
954,958,boulettes de boeuf (avec restes de rôti),Autre Régime,Autre Régime,tout
955,959,"mini kouglofs aux saumons, chantilly au raifort",Autre Régime,entrée,tout
956,960,gratin de pommes de terre et ses légumes,Autre Régime,Autre Régime,tout
957,961,hachis parmentier de carottes et de poulet,Autre Régime,Autre Régime,tout
958,962,salade de pommes de terre et cornichons,plat principal,plat principal,tout
959,963,curry de noix de saint jacques,Autre Régime,plat principal,tout
960,964,crackers aux graines,amuse-gueule,Autre Régime,tout
961,965,purée de butternut au lait de coco,accompagnement,accompagnement,tout
962,966,verrine de noix de st jacques,Autre Régime,Autre Régime,tout
963,967,salade de kiwis et tomates de lili,entrée,entrée,tout
964,968,flan de saumon au coulis de concombre,Autre Régime,entrée,tout
965,969,le gratin comtois,Autre Régime,plat principal,tout
966,970,choux garnis de chantilly et de fraises,dessert,Autre Régime,tout
967,971,gratin de chou-fleur et de thon,Autre Régime,plat principal,tout
968,972,flan de courgette et son coulis de tomate,plat principal,Autre Régime,tout
969,973,soupe de brocolis au lait de coco,Autre Régime,Autre Régime,tout
970,974,choux farcis par laurent mariotte,Autre Régime,Autre Régime,tout
971,975,galettes de pommes de terre d'alsace,Autre Régime,Autre Régime,tout
972,976,papillote de cabillaud et sa julienne de légumes,Autre Régime,plat principal,tout
973,977,gratin de courge de mamie lina,accompagnement,Autre Régime,tout
974,978,gratin de choux fleur et de brocoli,Autre Régime,Autre Régime,tout
975,979,tarte aux fraises choco-noisettes au nutella®,dessert,Autre Régime,tout
976,980,les palets de dame de michel,dessert,Autre Régime,tout
977,981,velouté de patates douces et de poires,entrée,Autre Régime,tout
978,982,soupe de cresson au lait de soja,entrée,Autre Régime,tout
979,983,dos de bar en crumble de chorizo,Autre Régime,Autre Régime,tout
980,984,brownie fumé au barbecue par laurent mariotte,dessert,Autre Régime,tout
981,985,velouté de carottes au lait de coco,entrée,Autre Régime,tout
982,986,roulé de dinde et duxelle de champignons,Autre Régime,Autre Régime,tout
983,987,cocktail de jus de fruits pour les enfants,boisson,boisson,tout
984,988,confiture de pétales de roses anciennes,confiserie,confiserie,tout
985,989,bûche pavlova aux fruits exotiques,Autre Régime,dessert,tout
986,990,cuissot de cochon de lait au four,Autre Régime,Autre Régime,tout
987,991,gâteau de savoie au zeste de citron,dessert,Autre Régime,tout
988,992,sirop de fleurs de sureau rapide,boisson,boisson,tout
989,993,sirop de fleurs de sureau facile,boisson,boisson,tout
990,994,chaussons aux prunes rouges,dessert,Autre Régime,tout
991,995,aiguillettes de poulet et crème de citron,Autre Régime,plat principal,tout
992,996,jus de pomme chaud de coutinette,boisson,boisson,tout
993,997,petits millefeuilles de pomme de terre,accompagnement,accompagnement,tout
994,998,soupe de butternut au lait de chèvre,Autre Régime,Autre Régime,tout
995,999,chou-fleur sauté au porc,Autre Régime,Autre Régime,tout
996,1000,velouté de chou-fleur de ma mamy,plat principal,Autre Régime,tout
997,1001,pâté de campagne de mémé marie,Autre Régime,Autre Régime,tout
998,1002,lasagnes de courgettes au hachis de dinde et lait de coco,Autre Régime,Autre Régime,tout
999,1003,gratin de pommes de terre aux filets de poisson,Autre Régime,plat principal,tout
1000,1004,panna cotta onctueuse,Autre Régime,dessert,tout
1001,1005,le gratin d'andouille et de pommes de terre de daniel,Autre Régime,plat principal,tout
1002,1006,la cataplana de porc ou de morue de mon voisin portugais,Autre Régime,plat principal,tout
1003,1007,latkes (galettes de pomme de terre) au fromage de chèvre,accompagnement,accompagnement,tout
1004,1008,terrine de joue et queue de boeuf au coulis de tomate,Autre Régime,plat principal,tout
1005,1009,banana bread 100% antigaspi,dessert,Autre Régime,tout
1006,1010,fricassée de foie de veau aux choux de bruxelles,Autre Régime,plat principal,tout
1007,1011,cocotte de cuisses de canard au four avec pommes de terre,Autre Régime,plat principal,tout
1008,1012,beignets de carnaval de la maman d'eugénie,dessert,Autre Régime,tout
1009,1013,terrine de foies de volaille au riesling,Autre Régime,entrée,tout
1010,1014,cheese naan la vache qui rit®,Autre Régime,Autre Régime,tout
1011,1015,coupe de framboises et de cookies au mascarpone,dessert,Autre Régime,tout
1012,1016,verrines de mousse de framboises et spéculoos,dessert,Autre Régime,tout
1013,1017,salade de crevettes et de pamplemousse rose,Autre Régime,entrée,tout
1014,1018,"salade de pommes de terre ""isa""",Autre Régime,plat principal,tout
1015,1020,pain de bruges de tante louisette,plat principal,Autre Régime,tout
1016,1021,coupe de fruits et de biscuits au chocolat,dessert,Autre Régime,tout
1017,1022,galette de légumes au duo de patates,accompagnement,Autre Régime,tout
1018,1023,pomme de terre jour de pluie,Autre Régime,plat principal,tout
1019,1024,fraises à la crème xxl par laurent mariotte,dessert,dessert,tout
1020,1025,pelures de pomme de terre en chips,amuse-gueule,amuse-gueule,tout
1021,1026,quenelle de pomme de terre (ou floutes),plat principal,Autre Régime,tout
1022,1027,parmentier de confit de canard au cookeo,Autre Régime,plat principal,tout
1023,1028,parmentier de confit de canard au companion,Autre Régime,plat principal,tout
1024,1029,moules farcies en persillade par laurent mariotte,Autre Régime,Autre Régime,tout
1025,1030,caviar de tomates au jus de tomates,entrée,entrée,tout
1026,1031,saltimbocca de veau & jambon de parme,Autre Régime,plat principal,tout
1027,1032,feuilleté de saumon sur lit de poireaux,Autre Régime,Autre Régime,tout
1028,1033,tian de courgettes de grand-mère,entrée,entrée,tout
1029,1034,poires au vin,dessert,dessert,tout
